<?xml version="1.0" encoding="UTF-8"?>
<project-private xmlns="http://www.netbeans.org/ns/project-private/1">
    <editor-bookmarks xmlns="http://www.netbeans.org/ns/editor-bookmarks/2" lastBookmarkId="0"/>
    <open-files xmlns="http://www.netbeans.org/ns/projectui-open-files/2">
        <group>
            <file>file:/C:/Users/marcovinicio/Desktop/Bingo4/src/bingo/estructura/Bingo.java</file>
            <file>file:/C:/Users/marcovinicio/Desktop/Bingo4/src/bingo/Principal.java</file>
            <file>file:/C:/Users/marcovinicio/Desktop/Bingo4/src/bingo/estructura/Jugadores.java</file>
            <file>file:/C:/Users/marcovinicio/Desktop/Bingo4/src/bingo/estructura/Juego.java</file>
            <file>file:/C:/Users/marcovinicio/Desktop/Bingo4/src/bingo/estructura/Tablero.java</file>
            <file>file:/C:/Users/marcovinicio/Desktop/Bingo4/src/bingo/estructura/Jugador.java</file>
        </group>
    </open-files>
</project-private>
